Brewery Name,City,State,Avg Rating
10 Barrel Brewing - Portland Pub,Portland,Oregon,3.71
10 Barrel Brewing Co.,Bend,Oregon,3.71
10 Barrel Brewing Co.,Boise,Idaho,3.71
12 West Brewing Co.,Gilbert,Arizona,0.82
14th Star Brewing Co.,Saint Albans,Vermont,3.49
18th Street Brewery - Gary Taproom,Gary,Indiana,3.888
2 Row Brewing,Midvale,Utah,3.768
2nd Shift Brewing,Saint Louis,Missouri,3.778
3 Floyds Brewing Co.,Munster,Indiana,3.909
3 Sheeps Brewing,Sheboygan,Wisconsin,3.762
3 Sons Brewing Company,Dania Beach,Florida,3.836
3 Stars Brewing Company,Washington,District of Columbia,3.488
3rd Turn Brewing,Jefferstown,Kentucky,0.364
4 Hands Brewing Co.,Saint Louis,Missouri,3.856
405 Brewing Co.,Norman,Oklahoma,2.156
406 Brewing Company,Bozeman,Montana,1.7
450 North Brewing Company,Columbus,Indiana,3.803
49th State Brewing Company,Healy,Alaska,3.56
515 Brewing Company,Clive,Iowa,3.428
603 Brewery,Londonderry,New Hampshire,3.534
608 Brewing Company,La Crosse,Wisconsin,3.386
7venth (Seventh) Sun Brewery,Dunedin,Florida,3.59
888 Lucky Beer,Washington,District of Columbia,0.962
903 Brewers,Sherman,Texas,3.506
A Homestead Brew,Valley Springs,South Dakota,2.194
Aardwolf Brewing Company,Jacksonville,Florida,3.98
Abita Brewing Co.,Covington,Louisiana,3.508
Able Baker Brewing Co.,Las Vegas,Nevada,2.859
Abolitionist Ale Works,Charles Town,West Virginia,2.506
Abridged Beer Company,Knoxville,Tennessee,1.833
Accomplice Beer Company,Cheyenne,Wyoming,3.414
Adroit Theory Brewing Company,Purcellville,Virginia,3.517
Aeronaut Brewing Company,Somerville,Massachusetts,3.319
Afterthought Brewing Company,Lombard,Illinois,3.5
Against The Grain Brewery & Smokehouse,Louisville,Kentucky,3.478
Akademia Brewing Company,Athens,Georgia,3.391
Akasha Brewing Company,Louisville,Kentucky,3.255
Al's of Hampden / Pizza Boy Brewing,Enola,Pennsylvania,3.735
Alaskan Brewing Co.,Juneau,Alaska,3.689
Alexandria Brewing Company,Alexandria,Kentucky,1.799
Alibi Ale Works,Incline Village,Nevada,2.089
Allagash Brewing Company,Portland,Maine,3.92
Alluvial Brewing Company,Ames,Iowa,2.71
Alma Mader Brewing,Kansas City,Missouri,3.659
Aloha Beer Company,Honolulu,Hawaii,2.522
Alpha Brewing Company,Saint Louis,Missouri,3.324
Altitude Chophouse & Brewery,Laramie,Wyoming,2.76
Alvarado Street Brewery,Monterey,California,3.791
American Solera,Tulsa,Oklahoma,3.617
Amor Artis Brewing,Fort Mill,South Carolina,3.426
Anchorage Brewing Company,Anchorage,Alaska,4.183
Angry Chair Brewing,Tampa,Florida,4.004
Angry Scotsman Brewing,Oklahoma City,Oklahoma,2.247
Anheuser-Busch,Fort Collins,Colorado,2.721
Anheuser-Busch,Saint Louis,Missouri,2.721
Anthem Brewing Company,Oklahoma City,Oklahoma,3.532
Apponaug Brewing Company,Warwick,Rhode Island,3.063
Arbor Brewing - Plymouth Taproom,Plymouth,Michigan,3.512
Argilla Brewing Co.,Newark,Delaware,3.35
Arizona Wilderness Brewing Co.,Gilbert,Arizona,3.373
Arkane Aleworks,Largo,Florida,3.185
Arkose Brewery,Palmer,Alaska,2.299
Arvon Brewing Co.,Grand Rapids,Michigan,3.459
Ascension Brewing Company,Novi,Michigan,3.544
Aslan Brewing Company,Bellingham,Washington,3.148
Aslin Beer Company,Herndon,Virginia,3.939
Ass Clown Brewing,Cornelius,North Carolina,3.427
Atlas Brew Works,Washington,District of Columbia,2.989
Atypical Brewery & Barrelworks,Minot,North Dakota,1.352
Austin Beerworks,Austin,Texas,3.72
Austin Brothers Beer Co.,Alpena,Michigan,3.809
Austin Street Brewery,Portland,Maine,3.648
Avenues Proper Brewing,Salt Lake City,Utah,1.48
Avondale Brewing Co.,Birmingham,Alabama,3.501
B-52 Brewing Co.,Conroe,Texas,3.813
BJ's Restaraunt & Brewhouse,Reno,Nevada,3.189
BKS Artisan Ales,Kansas City,Missouri,3.97
Baa Baa Brewhouse,Brookshire,Texas,3.931
Back Forty Beer Co.,Gadsden,Alabama,2.7
Backpocket Brewing,Coralville,Iowa,3.585
Backyard Brewery & Kitchen,Manchester,New Hampshire,3.883
Bad Beat Brewing,Henderson,Nevada,3.737
Bad Habit Brewing Company,Saint Joseph,Minnesota,1.952
Bad Shepherd Beer Company / Black Sheep Burrito and Brews,Charleston,West Virginia,2.571
Banded Brewing Co.,Biddeford,Maine,3.408
Bandit Brewing Company,Darby,Montana,0.317
Banger Brewing,Las Vegas,Nevada,3.525
Barbarian Brewing,Garden City,Idaho,3.625
Bardo Brewpub,Washington,District of Columbia,1.533
Bare Hands Brewery,Granger,Indiana,3.904
Barn Town Brewing,West Des Moines,Iowa,3.667
Barrel Culture Brewing and Blending,Durham,North Carolina,3.035
Barrel Theory Beer Company,Saint Paul,Minnesota,3.883
Barreled Souls Brewing Company,Saco,Maine,3.711
Barrier Brewing Company,Oceanside,New York,3.901
Batch Brewing Company,Detroit,Michigan,3.495
Battered Boar Brewing Company,Edmond,Oklahoma,1.738
Battery Steele Brewing,Portland,Maine,3.911
Bayou Teche Brewery,Arnaudville,Louisiana,3.7
Bearded Iris Brewing,Nashville,Tennessee,4.105
Beavers Bend Brewery,Broken Bow,Oklahoma,0.599
Beer Lab HI,Honolulu,Hawaii,2.044
Beer On Earth,Providence,Rhode Island,3.131
Beer Tree Brew Co.,Port Crane,New York,4.097
Beer'd Brewing Co.,Stonington,Connecticut,3.753
Bell's Brewery - Eccentric Café & General Store,Kalamazoo,Michigan,3.765
Bellefonte Brewing Co.,Wilmington,Delaware,3.157
Below the Radar Brewhouse,Huntsville,Alabama,2.361
Ben's Brewing Co.,Yankton,South Dakota,2.07
Bentonville Brewing Co.,Bentonville,Arkansas,2.916
Berkeley Springs Brewing,Berkeley Springs,West Virginia,1.567
Bicentennial Beer Company,Jackson,Mississippi,3.853
Big Dog's Draft House,Las Vegas,Nevada,3.808
Big Grove Brewery,Solon,Iowa,3.861
Big Grove Brewery & Taproom,Iowa City,Iowa,3.347
Big Island Brewhaus & Tako Taco Taqueria,Kamuela,Hawaii,3.025
Big Oyster Brewery,Lewes,Delaware,3.054
Big Sky Brewing Company,Missoula,Montana,3.614
Big Timber Brewing,Elkins,West Virginia,3.506
Bike Rack Brewing Co.,Bentonville,Arkansas,3.134
Bircus Brewing Company,Ludlow,Kentucky,3.424
Bird Dog Brewing,Bismarck,North Dakota,2.557
Birdfish Brewing Company,Columbiana,Ohio,2.276
Birds Fly South Ale Project,Greenville,South Carolina,3.822
Birmingham District Brewing,Birmingham,Alabama,1.934
Bismarck Brewing,Bismarck,North Dakota,3.137
Bissell Brothers Brewing Co.,Portland,Maine,3.911
Bitter Root Brewing,Hamilton,Montana,3.473
Black Acre Brewing Co.,Indianapolis,Indiana,3.561
Black Flag Brewing Company,Columbia,Maryland,3.034
Black Hog Brewing Co.,Oxford,Connecticut,3.328
Black Leg Brewery,McKenzie,North Dakota,0.738
Black Project Spontaneous & Wild Ales,Denver,Colorado,3.866
Black Tooth Brewing Company,Sheridan,Wyoming,3.594
BlackStack Brewing,Saint Paul,Minnesota,3.373
Blackberry Farm Brewery,Maryville,Tennessee,3.728
Blackfoot River Brewing Company,Helena,Montana,2.369
Blackstone Brewing Company,Nashville,Tennessee,3.549
Blaze Brewing Company,Camden,Maine,1.608
Blind Tiger Brewery & Restaurant,Topeka,Kansas,3.573
Block 15 Brewery & Restaurant,Corvallis,Oregon,3.832
Blue Earl Brewing Company,Smyrna,Delaware,2.671
Blue Stallion Brewing Co.,Lexington,Kentucky,3.579
Bluejacket / Arsenal Restaurant,Washington,District of Columbia,3.76
Bohemian Brewery,Midvale,Utah,3.058
Boiler Brewing Co.,Lincoln,Nebraska,2.211
Boise Brewing,Boise,Idaho,3.625
Bolero Snort Brewery,Carlstadt,New Jersey,3.648
Books & Brews,Indianapolis,Indiana,3.737
Boscos Restaurant & Brewing Co.,Memphis,Tennessee,3.359
Bosque Brewing Co.,Albuquerque,New Mexico,3.62
Boston Beer Company (Samuel Adams),Jamaica Plain,Massachusetts,3.445
Boston Beer Works - Canal Street,Boston,Massachusetts,3.515
Boston Beer Works - Fenway,Boston,Massachusetts,3.515
Bottle Logic Brewing,Anaheim,California,3.914
Boulevard Brewing Co.,Kansas City,Missouri,3.841
Boundary Bay Brewery & Bistro,Bellingham,Washington,3.377
Bow & Arrow Brewing,Albuquerque,New Mexico,3.292
Boxing Bear Brewing Co.,Albuquerque,New Mexico,3.49
Bozeman Brewing Company,Bozeman,Montana,3.153
Braindead Brewing,Dallas,Texas,2.889
Branch & Bone Artisan Ales,Dayton,Ohio,3.577
Branch and Blade Brewing,Keene,New Hampshire,3.077
Brasserie Saint James,Reno,Nevada,3.651
Braxton Brewing Company,Covington,Kentucky,3.501
Breakside Brewery,Portland,Oregon,3.559
Brew Keepers,Wheeling,West Virginia,0.441
Brewery Vivant,Grand Rapids,Michigan,3.62
Brewfinity Brewing Company,Oconomowoc,Wisconsin,2.656
Brick Works Brewing & Eats,Smyrna,Delaware,1.453
Brickway Brewery & Distillery,Omaha,Nebraska,3.599
Bridge Brew Works LLC,Fayetteville,West Virginia,3.698
Brieux Carré Brewing Company,New Orleans,Louisiana,3.349
Brix City Brewing,Little Ferry,New Jersey,3.919
Broadway Brewery & Restaurant,Columbia,Missouri,3.535
Broken Boundary Brewery,Honolulu,Hawaii,3.081
Broken Tooth Brewing,Anchorage,Alaska,2.769
Buffalo Bayou Brewing Co,Houston,Texas,3.06
Buffalo Commons Brewing Company,Mandan,North Dakota,3.703
Bunker Brewing Co.,Portland,Maine,3.381
Burial Beer Co.,Asheville,North Carolina,3.937
Burley Oak Brewing Co.,Berlin,Maryland,3.719
Burlington Beer Co.,Williston,Vermont,3.981
Burn 'Em Brewing,Michigan City,Indiana,3.412
Buttonwoods Brewery,Cranston,Rhode Island,3.0
COAST Brewing Company,North Charleston,South Carolina,3.923
COOP Ale Works,Oklahoma City,Oklahoma,3.662
Cahaba Brewing Company,Birmingham,Alabama,2.701
Cambridge Brewing Company,Cambridge,Massachusetts,3.803
Canteen Brewhouse,Albuquerque,New Mexico,3.211
Cape May Brewing Company,Cape May,New Jersey,3.14
Capitol City Brewing,Washington,District of Columbia,3.019
Captain Lawrence Brewing Co.,Elmsford,New York,3.769
Carolina Bauernhaus,Anderson,South Carolina,3.317
Carson's Brewery,Evansville,Indiana,3.132
Carter's Brewing,Billings,Montana,3.86
Carton Brewing Company,Atlantic Highlands,New Jersey,3.669
Cascade Brewing / Raccoon Lodge & Brewpub,Portland,Oregon,3.91
Casey Brewing & Blending,Glenwood Springs,Colorado,4.179
Cellarmaker Brewing Co.,San Francisco,California,3.949
Central Standard Brewing,Wichita,Kansas,3.937
Central State Brewing,Indianapolis,Indiana,3.836
Central Waters Brewing Co.,Amherst,Wisconsin,3.922
Cerebral Brewing,Denver,Colorado,3.871
Chandeleur Island Brewing Company,Gulfport,Mississippi,3.06
Charles Towne Fermentory,Charleston,South Carolina,3.991
Cherry Street Brewing Cooperative,Cumming,Georgia,3.85
Chestnut Brew Works,Morgantown,West Virginia,3.87
Choc Beer Co. / Pete's Place,Krebs,Oklahoma,3.657
Cigar City Brewing,Tampa,Florida,3.921
Cinderlands Beer Co.,Pittsburgh,Pennsylvania,3.915
City Steam Brewery Café,Hartford,Connecticut,3.208
Civil Society Brewing,Jupiter,Florida,3.973
Clairvoyant Brewing Company,Boise,Idaho,1.843
Cloud 9 Brewery,Boise,Idaho,3.353
Cloudburst Brewing,Seattle,Washington,3.409
Clown Shoes,Boston,Massachusetts,3.849
Coal Creek TAP,Laramie,Wyoming,2.522
Colsons Beer Co.,Unknown,Mississippi,3.575
Columbia Craft Brewing Company,Columbia,South Carolina,1.956
Columbia Kettle Works,Columbia,Pennsylvania,3.562
Columbus House Brewery,Fayetteville,Arkansas,0.573
Commonwealth Brewing Company,Virginia Beach,Virginia,3.878
Conclave Brewing,Flemington,New Jersey,3.762
Confluence Brewing Company,Des Moines,Iowa,3.61
Connecticut Valley Brewing,South Windsor,Connecticut,3.488
Contrary Brewing Co,Muscatine,Iowa,1.404
Cool Springs Brewery,Franklin,Tennessee,3.154
Coppertail Brewing Co.,Tampa,Florida,3.279
Core Brewing & Distilling Co.,Springdale,Arkansas,3.155
Counter Weight Brewing Company,Hamden,Connecticut,3.703
Country Boy Brewing,Lexington,Kentucky,3.745
Covert Artisan Ales,Sioux Falls,South Dakota,3.153
CraftHaus Brewery,Henderson,Nevada,3.264
Crane Brewing Company,Raytown,Missouri,3.73
Creature Comforts,Athens,Georgia,3.934
Crooked Crab Brewing Company,Odenton,Maryland,3.774
Crooked Current Brewery,Pawtucket,Rhode Island,2.705
Crooked Fence Brewing,Garden City,Idaho,3.022
Crooked Hammock Brewery,Lewes,Delaware,2.858
Crooked Run Brewing,Leesburg,Virginia,2.675
Crooked Run Central,Sterling,Virginia,2.704
Crooked Stave Artisan Beer Project,Denver,Colorado,3.978
Cross-Eyed Owl Brewing Company,Decatur,Alabama,2.06
Crow Peak Brewing,Spearfish,South Dakota,3.618
Crying Eagle,Lake Charles,Louisiana,2.815
Cushwa Brewing Company,Williamsport,Maryland,3.521
Cycle Brewing,Saint Petersburg,Florida,4.125
Cypress Brewing Company,Edison,New Jersey,2.663
Czig Meister Brewing Company,Hackettstown,New Jersey,3.579
DC Brau Brewing Co.,Washington,District of Columbia,3.613
DESTIHL Restaurant & Brew Works,Normal,Illinois,3.614
Dakota Point Brewing,Rapid City,South Dakota,2.95
Damsel Brew Pub,Evansville,Indiana,2.413
Dangerous Man Brewing,Minneapolis,Minnesota,3.499
Danielmark's Brewing Company,Cheyenne,Wyoming,1.462
Dark Sky Brewing Co.,Flagstaff,Arizona,2.79
Darkness Brewing,Bellevue,Kentucky,1.459
Day Block Brewing Company,Minneapolis,Minnesota,3.486
Decadent Ales,Mamaroneck,New York,3.665
Deciduous Brewing Company,Newmarket,New Hampshire,3.846
Defiance Brewing Co.,Hays,Kansas,3.307
Definitive Brewing Company,Portland,Maine,4.013
Delta Sunshine Brewing Company,Unknown,Mississippi,2.4
Denali Brewing Company / Twister Creek Restaurant,Talkeetna,Alaska,2.438
Deschutes Brewery,Bend,Oregon,3.743
Deschutes Brewery & Public House,Bend,Oregon,3.743
Deschutes Brewery & Public House,Portland,Oregon,3.743
Desert Edge Brewery,Salt Lake City,Utah,3.365
Devil's Club Brewing Company,Juneau,Alaska,1.278
Devils Backbone Brewing Company,Roseland,Virginia,3.607
Dewey Beer Co.,Dewey Beach,Delaware,3.545
Dialectic Brewing Company,Mandan,North Dakota,3.304
Dimensional Brewing Company,Dubuque,Iowa,2.992
District ChopHouse & Brewery,Washington,District of Columbia,3.495
Dixie Beer,New Orleans,Louisiana,1.256
Dobra Zupas,Beckley,West Virginia,1.175
Dodge City Brewing,Dodge City,Kansas,2.543
Dogfish Head Brewings & Eats,Rehoboth Beach,Delaware,3.649
Dogfish Head Craft Brewery,Milton,Delaware,3.649
Double Nickel Brewing Company,Pennsauken,New Jersey,3.782
Draught Works,Missoula,Montana,2.738
Dreaming Creek Brewery,Richmond,Kentucky,0.657
Drekker Brewing Company,Fargo,North Dakota,3.718
Drumconrath Brewing Company,Fargo,North Dakota,2.648
Dry Dock Brewing Co.,Aurora,Colorado,3.593
DuClaw Brewing Company,Baltimore,Maryland,3.657
Eagle Park Brewing,Milwaukee,Wisconsin,3.812
Earth Eagle Brewings,Portsmouth,New Hampshire,3.0
Edge Brewing Company,Boise,Idaho,3.4
Edmund's Oast Brewing Company,Charleston,South Carolina,3.778
Edwinton Brewing Co.,Bismarck,North Dakota,2.318
Elder Pine Brewing & Blending Co,Gaithersburg,Maryland,3.7
Elgin Park,Tulsa,Oklahoma,0.403
Elk Valley Brewing Co.,Oklahoma City,Oklahoma,3.291
Elysian Brewing Company,Seattle,Washington,3.514
Empyrean Brewing Company,Lincoln,Nebraska,3.192
Engine House No. 9,Tacoma,Washington,3.681
Epic Brewing Company,Salt Lake City,Utah,3.751
Eponymous Brewing Co,Brookings,South Dakota,1.724
Equal Parts Brewing,Houston,Texas,3.892
Equilibrium Brewery,Middletown,New York,4.084
Ethereal Brewing,Lexington,Kentucky,3.914
Eureka Heights Brewing Company,Houston,Texas,2.903
Evil Twin Brewing,Brooklyn,New York,3.89
Evil Twin Brewing NYC,Queens,New York,4.022
Ex Novo Brewing,Portland,Oregon,3.581
Exile Brewing Co.,Des Moines,Iowa,3.791
Fair State Brewing Cooperative,Minneapolis,Minnesota,3.293
Fairhope Brewing Company,Fairhope,Alabama,2.517
Falls City Brewing Company,Louisville,Kentucky,2.784
Fargo Brewing Company,Fargo,North Dakota,3.558
Farnam House Brewing Company,Omaha,Nebraska,3.761
Fat Head's Brewery & Saloon,North Olmsted,Ohio,3.874
Fat Head's Brewery & Tap House,Middleburg Heights,Ohio,3.874
Fat Orange Cat Brew Co.,East Hampton,Connecticut,3.576
Fate Brewing Company - North Scottsdale,Scottsdale,Arizona,3.698
Fernson Brewing Company,Sioux Falls,South Dakota,2.299
Fieldwork Brewing Co.,Berkeley,California,3.961
Fifty West Brewing Co,Cincinnati,Ohio,3.77
Finback Brewery,Queens,New York,4.055
Firefly Hollow Brewing Co.,Bristol,Connecticut,3.765
Firehouse Brewing Co.,Rapid City,South Dakota,3.251
First Magnitude Brewing Company,Gainesville,Florida,3.767
Fitger's Brewhouse,Duluth,Minnesota,3.685
Flat Branch Pub & Brewery,Columbia,Missouri,2.739
Flathead Lake Brewing Company,Bigfork,Montana,3.284
Flying Dog Brewery,Frederick,Maryland,3.647
Flying Goose Brew Pub & Grille,New London,New Hampshire,3.245
Flying Tiger Brewery,Monroe,Louisiana,1.775
Flyway Brewing Company,North Little Rock,Arkansas,2.315
Foam Brewers,Burlington,Vermont,4.075
Fonta Flora Brewery,Morganton,North Carolina,3.973
Foolproof Brewing Company,Pawtucket,Rhode Island,3.419
Forager Brewing Company,Rochester,Minnesota,3.948
Fordham & Dominion Brewing Company,Dover,Delaware,3.573
Fordham Brewing Company,Dover,Delaware,3.338
Forest & Main Brewing Company,Ambler,Pennsylvania,3.6
Fort George Brewery + Public House,Astoria,Oregon,3.669
Fort Smith Brewing Company,Fort Smith,Arkansas,0.674
Fossil Cove Brewing Co.,Fayetteville,Arkansas,2.717
Foundation Brewing Company,Portland,Maine,3.673
Founders Brewing Company,Grand Rapids,Michigan,3.911
Four Peaks Brewing Company - 8th Street Brewery,Tempe,Arizona,3.397
Four Quarters Brewing Co.,Winooski,Vermont,3.796
Fox Farm Brewery,Salem,Connecticut,4.2
Fractal Brewing Project,Huntsville,Alabama,1.313
Framingham Beer Works,Framingham,Massachusetts,3.515
"Franklin's Restaurant, Brewery & General Store",Hyattsville,Maryland,3.149
Free State Brewing Co.,Lawrence,Kansas,3.618
Free Will Brewing Co.,Perkasie,Pennsylvania,3.805
Freedom's Edge Brewing Co.,Cheyenne,Wyoming,3.193
Freetail Brewing Company,San Antonio,Texas,3.65
Fremont Brewing Company,Seattle,Washington,3.869
Frontier Brewing Company and Taproom,Casper,Wyoming,3.382
Frost Beer Works,Hinesburg,Vermont,4.038
Frothy Beard Brewing Company,Charleston,South Carolina,2.241
Fulton Pub & Brewery (McMenamins),Portland,Oregon,3.1
Function Brewing,Bloomington,Indiana,3.293
Funk Factory Geuzeria,Madison,Wisconsin,3.515
Funky Buddha Brewery,Oakland Park,Florida,3.733
Garrison City Beerworks,Dover,New Hampshire,2.619
Gella's Diner & Lb. Brewing Co.,Hays,Kansas,2.205
Georgetown Brewing Company,Seattle,Washington,3.019
Ghost Monkey Brewery,Mount Pleasant,South Carolina,1.599
Ghost River Brewing,Memphis,Tennessee,3.301
Ghost Train Brewing Company,Birmingham,Alabama,3.607
Gillette Brewing Company,Gillette,Wyoming,3.397
Girdwood Brewing Company,Girdwood,Alaska,2.469
Glacier Brewhouse,Anchorage,Alaska,2.844
Gnarly Barley Brewing Company,Hammond,Louisiana,2.242
Goldwater Brewing Co.,Scottsdale,Arizona,2.51
Good Measure Brewing Co.,Northfield,Vermont,3.334
Good People Brewing Company,Birmingham,Alabama,3.689
Goose Island Beer Co.,Chicago,Illinois,3.8
Gordon Biersch,Broomfield,Colorado,3.2
Gordon Biersch Brewery & Restaurant,Annapolis,Maryland,3.2
Gordon Biersch Brewery & Restaurant,Las Vegas,Nevada,3.2
Gordon Biersch Brewery & Restaurant,McLean,Virginia,3.2
Gordon Biersch Brewery & Restaurant,Myrtle Beach,South Carolina,3.2
Gordon Biersch Brewery & Restaurant,New Orleans,Louisiana,3.2
Gordon Biersch Brewery & Restaurant,Virginia Beach,Virginia,3.2
Grand Teton Brewing Co.,Victor,Idaho,3.814
Granite City Food & Brewery,Cedar Rapids,Iowa,3.385
Granite City Food & Brewery,Clive,Iowa,3.385
Granite City Food & Brewery,Davenport,Iowa,3.385
Granite City Food & Brewery,Fargo,North Dakota,3.385
Granite City Food & Brewery,Kansas City,Kansas,3.385
Granite City Food & Brewery,Lincoln,Nebraska,3.385
Granite City Food & Brewery,Olathe,Kansas,3.385
Granite City Food & Brewery,Omaha,Nebraska,3.385
Granite City Food & Brewery,Sioux Falls,South Dakota,3.385
Gravely Brewing Co.,Louisville,Kentucky,2.695
Gravity BrewWorks,Big Flat,Arkansas,0.138
Great Basin Brewing Co.,Sparks,Nevada,2.907
Great Dane Pub & Brewing Company (Downtown),Madison,Wisconsin,3.484
Great Flood Brewing Company,Louisville,Kentucky,2.582
Great Lakes Brewing Co.,Cleveland,Ohio,3.8
Great Notion Brewing,Portland,Oregon,3.872
Great Raft Brewing,Shreveport,Louisiana,3.306
Green Bus Brewing,Huntsville,Alabama,2.055
Green Man Brewery,Asheville,North Carolina,3.892
Green Room Brewing,Jacksonville Beach,Florida,3.732
Greenbush Brewing Company,Sawyer,Michigan,3.666
Greenpoint Beer & Ale Company,Brooklyn,New York,3.727
Grey Sail Brewing of Rhode Island,Westerly,Rhode Island,3.735
Griffin Claw Brewing Company,Birmingham,Michigan,3.794
Grimm Artisanal Ales,Brooklyn,New York,4.14
H.A. Brewing Co.,Eureka,Montana,1.335
HOMES Brewery,Ann Arbor,Michigan,4.07
Hal and Mal's Restaurant,Jackson,Mississippi,2.927
Half Acre Beer Company,Chicago,Illinois,3.85
Half Brothers Brewing Company,Grand Forks,North Dakota,3.253
HammerHeart Brewing Company,Lino Lakes,Minnesota,3.836
Hana Koa Brewing Co.,Honolulu,Hawaii,2.873
Hank is Wiser Brewery,Cheney,Kansas,3.542
Happy Basset Brewing Company,Topeka,Kansas,2.585
Hardywood Park Craft Brewery,Richmond,Virginia,3.811
Harpoon Brewery,Windsor,Vermont,3.618
Harpoon Brewery & Beer Hall,Boston,Massachusetts,3.618
Hawk Moth Brewery & Beer Parlor,Rogers,Arkansas,1.646
Hay Camp Brewing Company,Rapid City,South Dakota,3.442
Heaven & Ale Brewing Company,Chattanooga,Tennessee,2.631
Heavy Riff Brewing Company,Saint Louis,Missouri,3.209
Heirloom Rustic Ales,Tulsa,Oklahoma,2.867
Heist Brewery,Charlotte,North Carolina,3.805
Hellbender Brewing Company,Washington,District of Columbia,1.935
Henderson Brewing Company,Henderson,Kentucky,0.321
Hermit Thrush Brewery,Brattleboro,Vermont,3.818
Hi-Wire Brewing,Asheville,North Carolina,3.813
Hidden River Brewing Company,Douglassville,Pennsylvania,3.352
Hidden Springs Ale Works,Tampa,Florida,3.476
High Branch Brewing Company,Concord,North Carolina,3.821
High Cotton Brewing Co.,Memphis,Tennessee,2.084
High Desert Brewing Company,Las Cruces,New Mexico,3.492
High Ground Brewing,Terra Alta,West Virginia,1.91
Highland Park Brewery,Los Angeles,California,3.986
Highland Pub & Brewery (McMenamins),Gresham,Oregon,3.1
Hill Farmstead Brewery,Greensboro Bend,Vermont,4.255
Hingham Beer Works,Hingham,Massachusetts,3.515
Historic Brewing Company,Flagstaff,Arizona,3.053
Hitchhiker Brewing Company,Pittsburgh,Pennsylvania,3.529
Hobbs Tavern & Brewing Co.,West Ossipee,New Hampshire,2.894
Holler Brewing Co.,Houston,Texas,3.878
Holy City Brewing,North Charleston,South Carolina,3.312
Holy Mountain Brewing Company,Seattle,Washington,3.992
Home Of The Brave Brewing Company,Honolulu,Hawaii,0.433
Honolulu Beerworks,Honolulu,Hawaii,3.025
HooDoo Brewing,Fairbanks,Alaska,3.518
Hoof Hearted Brewing,Marengo,Ohio,4.002
Hop Nuts Brewing,Las Vegas,Nevada,3.635
HopFly Brewing Co.,Rocky Mount,North Carolina,3.229
Hoppin' Frog Brewery,Akron,Ohio,3.939
Hopping Gnome Brewing,Wichita,Kansas,3.203
Hops and Growlers,Ocean Springs,Mississippi,0.416
Hopworks Urban Brewery,Portland,Oregon,3.546
Hourglass Brewing,Longwood,Florida,2.42
Hudson Valley Brewery,Beacon,New York,4.127
Humble Sea Brewing Co.,Santa Cruz,California,2.576
Hutton & Smith Brewing Company,Chattanooga,Tennessee,3.345
IMBĪB Custom Brews,Reno,Nevada,1.969
Icarus Brewing Company,Lakewood,New Jersey,3.917
Icebox Brewing Company,Las Cruces,New Mexico,2.723
Imagine Nation Brewing Co.,MIssoula,Montana,3.745
Imperial Oak Brewing,Willow Springs,Illinois,3.749
Imprint Beer Company,Hatfield,Pennsylvania,3.502
Independent Brewing Co.,Bel Air,Maryland,3.079
Infusion Brewing Co.,Omaha,Nebraska,3.503
Ingenious Brewing Company,Humble,Texas,3.201
Insurrection AleWorks,Heidelberg,Pennsylvania,3.806
Interboro Spirits and Ales,Brooklyn,New York,3.993
Inu Island Ales,Kaneohe,Hawaii,3.731
Iron Hill Brewery & Restaurant,Lancaster,Pennsylvania,3.538
Iron Hill Brewery & Restaurant,Maple Shade,New Jersey,3.538
Iron Hill Brewery & Restaurant,Media,Pennsylvania,3.538
Iron Hill Brewery & Restaurant,Newark,Delaware,3.538
Iron Hill Brewery & Restaurant,North Wales,Pennsylvania,3.538
Iron Hill Brewery & Restaurant,Philadelphia,Pennsylvania,3.538
Iron Hill Brewery & Restaurant,Phoenixville,Pennsylvania,3.538
Iron Hill Brewery & Restaurant,Rehoboth Beach,Delaware,1.478
Iron Hill Brewery & Restaurant,West Chester,Pennsylvania,3.538
Iron Hill Brewery & Restaurant,Wilmington,Delaware,3.538
Iron John's Brewing Company,Tucson,Arizona,3.102
J. Wakefield Brewing,Miami,Florida,3.39
JJ's Beer Garden,Fayetteville,Arkansas,0.326
JL Beers,Fargo,North Dakota,3.106
Jack's Abby Brewing,Framingham,Massachusetts,3.86
Jackie O's Pub & Brewery,Athens,Ohio,3.937
Jailbreak Brewing Company,Laurel,Maryland,3.606
Jersey Girl Brewing Company,Hackettstown,New Jersey,3.535
Jester King Brewery,Austin,Texas,4.061
John Barleycorns (McMenamins),Tigard,Oregon,3.1
Johnnie Byrd Brewing Company,Wayne,Nebraska,0.0
Joseph James Brewing Inc.,Henderson,Nevada,2.981
Jukes Ale Works,Elkhorn,Nebraska,1.191
Junkyard Brewing Company,Moorhead,Minnesota,3.45
Kane Brewing Company,Ocean,New Jersey,4.168
Kassik's Kenai Brew Stop,Kenai,Alaska,3.349
Kauai Island Brewery & Grill,Eleele,Hawaii,3.091
Keg & Barrel,Hattiesburg,Mississippi,4.0
Kenai River Brewing Co.,Soldotna,Alaska,3.747
Kennedy School (McMenamins),Portland,Oregon,3.1
Kent Falls Brewing Company,Kent,Connecticut,3.787
KettleHouse Brewing Co,Bonner,Montana,0.118
KettleHouse Brewing Co. (Southside Taproom),Missoula,Montana,3.477
KettleHouse Brewing Co. - Northside Taproom,Missoula,Montana,3.477
Kettlehead Brewing Company,Tilton,New Hampshire,4.067
Key City Brewing Company,Vicksburg,Mississippi,2.163
Kiitos Brewing,Salt Lake City,Utah,3.218
King Street Brewing Company,Anchorage,Alaska,3.547
Kings County Brewers Collective (KCBC),Brooklyn,New York,3.829
Kinkaider Brewing Co.,Broken Bow,Nebraska,3.631
Kinsmen Brewing Company,Milldale,Connecticut,3.514
Klondike Brewing Company,Skagway,Alaska,1.236
Kohola Brewery,Lahaina,Hawaii,3.646
Kona Brewing Co.,Kailua Kona,Hawaii,3.662
Kros Strain Brewing,La Vista,Nebraska,3.431
Kuhnhenn Brewing Company,Warren,Michigan,3.716
Kulshan Brewing Company,Bellingham,Washington,2.775
La Cumbre Brewing Co.,Albuquerque,New Mexico,3.915
Lake Time Brewery,Clear Lake,Iowa,2.149
Lamplighter Brewing Company,Cambridge,Massachusetts,3.838
Land-Grant Brewing Company,Columbus,Ohio,3.745
Lander Brewing Company,Lander,Wyoming,2.947
Lanikai Brewing Company,Kailua,Hawaii,1.471
Laughing Sun Brewing Company,Bismarck,North Dakota,1.913
Lawson's Finest Liquids,Waitsfield,Vermont,4.046
Lazy Circles Brewing,Norman,Oklahoma,0.746
Lazy Magnolia Brewing Company,Kiln,Mississippi,3.643
Lead Dog Brewing,Reno,Nevada,2.984
Legal Remedy Brewing,Rock Hill,South Carolina,1.078
Levante Brewing Company,West Chester,Pennsylvania,3.601
Liars' Bench Beer Company,Portsmouth,New Hampshire,2.039
Library Sports Grille & Brewery,Laramie,Wyoming,2.726
Lincoln's Beard Brewing Co.,Miami,Florida,3.722
Lion Bridge Brewing Company,Cedar Rapids,Iowa,3.384
Liquid Riot Bottling Company,Portland,Maine,3.686
Listermann Brewing Company,Cincinnati,Ohio,3.823
Litherman's Limited Brewing Company,Concord,New Hampshire,3.893
Little Thistle Brewing Co.,Rochester,Minnesota,2.489
Lively Beerworks,Oklahoma City,Oklahoma,0.736
Lone Pine Brewing Company,Portland,Maine,2.946
Long Live Beerworks,Providence,Rhode Island,3.664
Long Trail Brewing Co.,Bridgewaters Corners,Vermont,3.619
Loose Screw Beer Co. - Garden City,Garden City,Idaho,3.333
Lops Brewing Co.,Woonsocket,Rhode Island,3.127
Lost Cabin Beer Co.,Rapid City,South Dakota,3.483
Lost Forty Brewery,Little Rock,Arkansas,3.434
Lost Grove Brewing,Boise,Idaho,3.39
Low Tide Brewing,Johns Island,South Carolina,2.722
Lowell Beer Works,Lowell,Massachusetts,3.515
Lucky Bucket Brewing Co.,La Vista,Nebraska,2.267
Luminous Brewhouse,Sheridan,Wyoming,3.583
Lupulin Brewing,Big Lake,Minnesota,3.416
MIA Beer Co.,Doral,Florida,3.619
Mad Malts,Huntsville,Alabama,2.204
Mad Swede Brewing Company,Boise,Idaho,3.619
MadTree Brewing,Cincinnati,Ohio,3.402
Madison Brewing Co.,Bennington,Vermont,2.923
Magic Hat Brewing Company,South Burlington,Vermont,3.552
Magnify Brewing Company,Fairfield,New Jersey,3.926
Main & Mill Brewing Co.,Festus,Missouri,3.411
Manor Hill Brewing,Ellicott City,Maryland,3.247
Mantra Artisan Ales,Franklin,Tennessee,3.834
Marble Brewery,Albuquerque,New Mexico,3.62
Marshall Brewing Company,Tulsa,Oklahoma,2.876
Martha's Exchange,Nashua,New Hampshire,3.489
Martin City Brewing Company,Kansas City,Missouri,3.702
Martin House Brewing Company,Fort Worth,Texas,3.564
Marz Community Brewing,Chicago,Illinois,3.826
Mast Landing Brewing Company,Westbrook,Maine,3.734
Masthead Brewing Co.,Cleveland,Ohio,3.848
Matanuska Brewing,Palmer,Alaska,0.448
Matchless Brewing,Tumwater,Washington,3.311
Matt Brewing Company / Saranac Brewery,Utica,New York,3.497
Maui Brewing Co.,Kihei,Hawaii,3.723
Maui Brewing Co. Brewpub,Lahaina,Hawaii,3.723
Mayhew Junction Brewing Company,Starkville,Mississippi,0.0
Medusa Brewing Company,Hudson,Massachusetts,3.712
Melvin Brewing / Thai Me Up,Jackson,Wyoming,3.757
Memphis Made Brewing Company,Memphis,Tennessee,2.799
Midnight Sun Brewing Co.,Anchorage,Alaska,3.705
Miel Brewery & Taproom,New Orleans,Louisiana,1.89
Mikerphone Brewing,Elk Grove Village,Illinois,3.883
Mikkeller Brewing San Diego,San Diego,California,3.898
Mile Wide Beer Co.,Louisville,Kentucky,3.716
Milwaukee Brewing Company,Milwaukee,Wisconsin,3.541
Miner Brewing Company,Hill City,South Dakota,3.03
Minhas Craft Brewery,Monroe,Wisconsin,2.429
Minneapolis Town Hall Brewery,Minneapolis,Minnesota,3.982
Mirror Twin Brewing,Lexington,Kentucky,3.858
Mispillion River Brewing,Milford,Delaware,3.334
Moab Brewery,Moab,Utah,3.61
MobCraft Beer,Milwaukee,Wisconsin,3.404
Modern Times Beer,San Diego,California,4.051
Modist Brewing Co.,Minneapolis,Minnesota,3.737
Mollusk Restaurant & Brewery,Seattle,Washington,1.471
Monday Night Brewing,Atlanta,Georgia,3.628
Monkish Brewing Co.,Torrance,California,4.064
Monks House of Ale Repute / Gandy Dancer Brew Works,Sioux Falls,South Dakota,1.467
Monnik Beer Co.,Louisville,Kentucky,2.733
Montana Brewing Company,Billings,Montana,3.209
Moonraker Brewing Company,Auburn,California,3.75
More Brewing Co.,Villa Park,Illinois,4.003
Morgantown Brewing Company,Morgantown,West Virginia,2.927
Mortalis Brewing Co.,Avon,New York,4.059
Mother's Brewing Company,Springfield,Missouri,3.743
Mountain State Brewing Co.,Thomas,West Virginia,3.031
Mountain Sun Pub & Brewery,Boulder,Colorado,3.485
Mountains Walking Brewery,Bozeman,Montana,3.77
Narrow Gauge Brewing Company,Florissant,Missouri,3.746
Natchez Brewing Co.,Natchez,Mississippi,3.107
Nebraska Brewing Company Production Brewery & Tap Room,La Vista,Nebraska,3.204
New Anthem Beer Project,Wilmington,North Carolina,4.046
New England Brewing Co.,Woodbridge,Connecticut,3.909
New Heights Brewery,Nashville,Tennessee,3.733
New Holland Brewing Company,Holland,Michigan,3.751
New Orleans Lager & Ale Brewing Company (NOLA),New Orleans,Louisiana,3.636
New Park Brewing,West Hartford,Connecticut,3.905
New Province Brewing Company,Rogers,Arkansas,3.169
New Realm Brewing Company,Atlanta,Georgia,2.584
Newgrass Brewing Company,Shelby,North Carolina,3.182
Newport Craft Brewing & Distilling Co.,Newport,Rhode Island,3.636
Next Door Brewing Company,Madison,Wisconsin,2.731
Night Shift Brewing,Everett,Massachusetts,3.758
NoDa Brewing Company,Charlotte,North Carolina,3.663
Noble Ale Works,Anaheim,California,3.831
Norsemen Brewing Company,Topeka,Kansas,2.327
North End Tavern & Brewery,Parkersburg,West Virginia,3.478
Nortons Brewing Company,Wichita,Kansas,3.197
O.H.S.O. Eatery & Nano-Brewery,Phoenix,Arizona,2.576
OEC Brewing (Ordinem Ecentrici Coctores),Oxford,Connecticut,3.949
Oak Hills Brewpub (McMenamins),Portland,Oregon,3.1
Ocelot Brewing Company,Sterling,Virginia,3.991
Odd Man Rush Brewing,Eagle River,Alaska,2.306
Odd Side Ales,Grand Haven,Michigan,3.801
Oddwood Ales,Austin,Texas,3.834
Odell Brewing Company,Fort Collins,Colorado,3.582
Ola Brewing Corporation,Kailua Kona,Hawaii,3.642
Old Rail Brewing Company,Mandeville,Louisiana,3.799
Olde Mother Brewing Co.,Frederick,Maryland,2.937
Oliphant Brewing,Somerset,Wisconsin,3.441
Oliver Brewing Company,Baltimore,Maryland,3.342
Olomana Brewing Co.,Kailua,Hawaii,0.0
"One Eyed Buffalo Brewing Company, LLC",Thermopolis,Wyoming,0.548
Oozlefinch Beers & Blending,Fort Monroe,Virginia,3.463
Oro Brewing Company,Mesa,Arizona,1.779
Orono Brewing Company,Orono,Maine,3.28
Orpheus Brewing,Atlanta,Georgia,3.766
Oskar Blues Brewery,Brevard,North Carolina,3.772
Oskar Blues Brewery & Tasty Weasel Tap Room,Longmont,Colorado,3.772
Oskar Blues Grill & Brew,Lyons,Colorado,3.772
Other Half Brewing Company,Brooklyn,New York,4.108
Other Half Brewing Company DC,Washington,District of Columbia,2.165
Outer Light Brewing Company,Groton,Connecticut,2.344
Outer Range Brewing Co,Frisco,Colorado,4.053
Outlaw Brewing,Bozeman,Montana,3.502
Oxbow Brewing Company,Newcastle,Maine,3.853
Ozark Beer Co.,Rogers,Arkansas,3.583
Palmetto Brewing Company,Charleston,South Carolina,2.708
Paradise Brewing Co.,Kailua Kona,Hawaii,2.21
Parish Brewing Company,Broussard,Louisiana,4.06
Parkersburg Brewing Company,Parkersburg,West Virginia,2.354
Parkside Brewing Company,Burlington,Iowa,0.718
Parleaux Beer Lab,New Orleans,Louisiana,2.719
Payette Brewing,Boise,Idaho,3.148
Peabody Heights Brewery,Baltimore,Maryland,3.329
Peak Organic Brewing Company,Portland,Maine,3.796
Perennial Artisan Ales,Saint Louis,Missouri,3.745
Perrin Brewing Co.,Comstock Park,Michigan,3.808
Phase Three Brewing,Lake Zurich,Illinois,4.186
Phat Fish Brewing Co.,Dickinson,North Dakota,1.822
Philipsburg Brewing Company,Philipsburg,Montana,1.615
Picacho Peak Brewing Company,Las Cruces,New Mexico,3.328
Pint Nine Brewing Company,Papillion,Nebraska,2.776
Pinthouse Pizza Craft Brewpub,Austin,Texas,3.641
Pipe Dream Brewing,Londonderry,New Hampshire,3.372
Pipeworks Brewing Company,Chicago,Illinois,3.872
Pixeled Brewing Company,Fargo,North Dakota,2.83
Pizza Port Bressi Ranch,Carlsbad,California,3.817
Pizza Port Carlsbad,Carlsbad,California,3.817
Pizza Port Ocean Beach,San Diego,California,3.817
Pizza Port San Clemente,San Clemente,California,3.817
Pizza Port Solana Beach,Solana Beach,California,3.817
Platform Beer Co.,Cleveland,Ohio,3.729
Ponderosa Brewing Company,Albuquerque,New Mexico,2.54
Pontoon Brewing Company,Sandy Springs,Georgia,3.771
Port Orleans Brewing Co.,New Orleans,Louisiana,2.763
Portsmouth Brewery,Portsmouth,New Hampshire,3.71
Post Falls Brewing Company,Post Falls,Idaho,1.392
Powderhaus Brewing Company,Garden City,Idaho,3.522
Prairie Artisan Ales,Tulsa,Oklahoma,3.821
Prairie Brothers Brewery and Taproom,Fargo,North Dakota,3.513
Pratt Street Ale House,Baltimore,Maryland,3.754
Prestonrose Farm and Brewing Co.,Paris,Arkansas,0.371
Pretentious Beer Co.,Knoxville,Tennessee,0.606
Prison City Pub & Brewery,Auburn,New York,3.659
Prison Hill Brewing Company,Yuma,Arizona,2.079
Proclamation Ale Company,Warwick,Rhode Island,3.933
Prohibition Pig,Waterbury,Vermont,3.544
Proper Brewing Co,Salt Lake City,Utah,3.543
Providence Brewing Company,North Providence,Rhode Island,1.368
Pueblo Vida Brewing Company,Tucson,Arizona,3.454
Pulaski True American,Washington,District of Columbia,0.0
Pulpit Rock Brewing Company,Decorah,Iowa,3.587
Quarter Celtic Brewpub,Albuquerque,New Mexico,2.987
Quattro Goomba's Brewery,Aldie,Virginia,3.151
R. Shea Brewing - Merriman Valley,Akron,Ohio,3.996
RAR Brewing (Realerevival),Cambridge,Maryland,3.825
RJ Rockers Brewing Company,Spartanburg,South Carolina,3.578
Rad Brewing Co.,Indianapolis,Indiana,3.684
Radius Brewing Company,Emporia,Kansas,3.268
Ragged Island Brewing Company,Portsmouth,Rhode Island,2.797
Ravenna Brewing Co,Seattle,Washington,1.928
Red Bear Brewing Company,Washington,District of Columbia,2.243
Red Lodge Ales,Red Lodge,Montana,3.512
Red Rock Brewing Company,Salt Lake City,Utah,3.281
Relic Brewing Co.,Plainville,Connecticut,3.765
Remedy Brewing Company,Sioux Falls,South Dakota,2.123
Resident Culture Brewing Company,Charlotte,North Carolina,3.985
Resolution Brewing Company,Anchorage,Alaska,2.397
Reuben's Brews,Seattle,Washington,3.716
Revelation Craft Brewing Company,Rehoboth Beach,Delaware,3.15
Revelry Brewing Co,Charleston,South Carolina,3.317
Revision Brewing Company,Sparks,Nevada,4.055
Revival Brewing Co.,Cranston,Rhode Island,3.569
Revolution Brewing,Chicago,Illinois,3.907
Rhinegeist Brewery,Cincinnati,Ohio,3.624
Rhombus Guys Brewing Company,Grand Forks,North Dakota,3.045
Right Brain Brewery,Traverse City,Michigan,3.638
Right Proper Brewing Company - Brookland Production House,Washington,District of Columbia,3.713
Right Proper Brewing Company - Shaw Brewpub,Washington,District of Columbia,3.713
Ringlers Pub / Crystal Ballroom Brewery (McMenamins),Portland,Oregon,3.1
Rising Tide Brewing Company,Portland,Maine,3.62
River City Brewing Co.,Wichita,Kansas,3.594
River Dog Brewing Co.,Ridgeland,South Carolina,3.108
River Roost Brewery,White River Junction,Vermont,4.206
Roadhouse Brewing Co.,Jackson,Wyoming,3.281
Roaring Table Brewing Company,Lake Zurich,Illinois,1.821
Rochester Mills Beer Co.,Rochester,Michigan,3.745
Rock Art Brewery,Morrisville,Vermont,3.714
Rock Bottom Restaurant & Brewery,Campbell,California,3.588
Rock Bottom Restaurant & Brewery,Chicago,Illinois,3.588
Rock Bottom Restaurant & Brewery,Denver,Colorado,3.588
Rock Bottom Restaurant & Brewery,Englewood,Colorado,3.588
Rock Bottom Restaurant & Brewery,Indianapolis,Indiana,3.588
Rock Bottom Restaurant & Brewery,Milwaukee,Wisconsin,3.588
Rock Bottom Restaurant & Brewery,Westminster,Colorado,3.588
Rock Bottom Restaurant And Brewery,Indianapolis,Indiana,3.588
Rock Bottom Restaurant and Brewery,Arlington,Virginia,3.588
Rock Bottom Restaurant and Brewery,Bellevue,Washington,3.588
Rock Bottom Restaurant and Brewery,Bethesda,Maryland,3.588
Rock Bottom Restaurant and Brewery,Charlotte,North Carolina,3.588
Rock Bottom Restaurant and Brewery,Colorado Springs,Colorado,3.588
Rock Bottom Restaurant and Brewery,Homestead,Pennsylvania,3.588
Rock Bottom Restaurant and Brewery,Lombard,Illinois,3.588
Rock Bottom Restaurant and Brewery,Long Beach,California,3.588
Rock Bottom Restaurant and Brewery,Minneapolis,Minnesota,3.588
Rock Bottom Restaurant and Brewery,Orland Park,Illinois,3.588
Rock Bottom Restaurant and Brewery,Warrenville,Illinois,3.588
Rocket Republic Brewing Company,Madison,Alabama,2.616
Rogue Ales,Newport,Oregon,3.635
Roosters Brewing Company and Restaurant,Layton,Utah,3.637
Roosters Brewing Company and Restaurant,Ogden,Utah,2.952
Roughtail Brewing Co.,Oklahoma City,Oklahoma,3.716
Rowley Farmhouse Ales,Santa Fe,New Mexico,3.7
SQZBX Brewery & Pizza Joint,Hot Springs,Arkansas,1.025
Saddlebock Brewery,Springdale,Arkansas,3.682
Sailfish Brewing Company,Fort Pierce,Florida,1.643
Salem Beer Works,Salem,Massachusetts,3.515
Salmon River Brewery,McCall,Idaho,2.518
Salt Flats Brewing,Salt Lake City,Utah,1.43
Saltfire Brewing,South Salt Lake,Utah,3.518
Salty Nut Brewery,Huntsville,Alabama,2.265
SanTan Brewing Co.,Chandler,Arizona,2.724
Sand City Brewing Co. - North,Northport,New York,4.186
Sankofa Beer Co.,Washington,District of Columbia,1.237
Santa Fe Brewing Company,Santa Fe,New Mexico,3.618
Sapwood Cellars,Columbia,Maryland,3.733
Saucy Brew Works,Cleveland,Ohio,1.546
Sawtooth Brewery,Hailey,Idaho,2.817
Scenic Brewing Company,Las Vegas,Nevada,3.228
Schilling Beer Co.,Littleton,New Hampshire,3.619
Schlafly Bottleworks,Saint Louis,Missouri,3.691
Schoolhouse Brewing,Marietta,Georgia,0.163
Scofflaw Brewing Company,Atlanta,Georgia,3.91
Scottsdale Beer Company,Scottsdale,Arizona,3.396
Scratch Brewing Company,Ava,Illinois,3.671
Scratchtown Brewing Company,Ord,Nebraska,3.15
Screech Owl Brewing,Bruceton Mills,West Virginia,0.898
Second Line Brewing,New Orleans,Louisiana,3.556
Second Street Brewery,Santa Fe,New Mexico,3.244
Serda Brewing Company,Mobile,Alabama,1.581
Servaes Brewing Co.,Shawnee,Kansas,1.217
Shades Brewing,Salt Lake City,Utah,3.471
Shaidzon Beer Co,West Kingston,Rhode Island,3.773
Shipyard Brewing Company,Portland,Maine,3.457
Shoe Tree Brewing Co.,Carson City,Nevada,1.784
Short Story Brewing,Rivesville,West Virginia,2.302
Short's Brewing Company,Bellaire,Michigan,3.557
Sick N Twisted Brewing Co.,Hill City,South Dakota,3.535
Side Project Brewing,Maplewood,Missouri,4.099
Sidetrack Brewing Company,Albuquerque,New Mexico,2.76
Sierra Nevada Brewery & Taproom,Mills River,North Carolina,3.661
Silver Gulch Brewing and Bottling Co.,Fairbanks,Alaska,3.607
Silver Peak Restaurant & Brewery,Reno,Nevada,2.496
Singin' River Brewing Co.,Florence,Alabama,2.786
SingleCut Beersmiths,Queens,New York,3.939
SingleSpeed Brewing,Cedar Falls,Iowa,2.712
Sisyphus Brewing,Minneapolis,Minnesota,3.793
Skookum Brewery,Arlington,Washington,3.749
Skull Tree Brewing,Casper,Wyoming,3.526
Smith & Lentz Brewing Company,Nashville,Tennessee,3.737
Smith Alley Brew Co.,Sheridan,Wyoming,1.108
Smug Brewing,Pawtucket,Rhode Island,3.022
Smuttynose Brewing Company,Hampton,New Hampshire,3.69
Snake River Brewing Company & Brewpub,Jackson,Wyoming,3.251
Snowy Mountain Brewery,Saratoga,Wyoming,2.817
SoMe Brewing Company,York,Maine,3.433
Sockeye Brewing,Boise,Idaho,3.651
Solemn Oath Brewery,Naperville,Illinois,3.712
Soul Mega,Washington,District of Columbia,3.93
Source Farmhouse Brewery,Colts Neck,New Jersey,3.126
Souris River Brewing,Minot,North Dakota,1.726
Southern Grist Brewing Co.,Nashville,Tennessee,4.035
Southern Prohibition Brewing,Hattiesburg,Mississippi,3.985
Spearfish Brewing Company,Spearfish,South Dakota,3.576
Spotted Dog Brewery,Mesilla,New Mexico,3.316
Sprecher Brewing Company,Glendale,Wisconsin,3.383
Springdale Beer Co.,Framingham,Massachusetts,3.914
Spyglass Brewing Company,Nashua,New Hampshire,3.333
Squatters Pub Brewery,Salt Lake City,Utah,3.532
St. Elias Brewing Company,Soldotna,Alaska,3.938
St. Elmo Brewing Co.,Austin,Texas,3.44
Station 26 Brewing Co.,Denver,Colorado,3.73
Steady Habit Brewing Company,Haddam,Connecticut,3.509
Steel Bender Brewyard,Albuquerque,New Mexico,3.086
Stewart's Brewing Co.,Bear,Delaware,3.511
Stewbum & Stonewall Brewing Co.,Kaneohe,Hawaii,0.617
Stillwater Artisanal Ales,Baltimore,Maryland,3.948
Stone Brewing,Escondido,California,3.778
Stone Brewing Co. - Richmond,Richmond,Virginia,3.778
Stone's Throw Brewing,Little Rock,Arkansas,2.222
Stonecloud Brewing,Oklahoma City,Oklahoma,3.448
Stoneface Brewing Co.,Newington,New Hampshire,3.748
Stonehome Brewing Company,Watford City,North Dakota,2.537
Stoup Brewing,Seattle,Washington,3.198
Straight To Ale,Huntsville,Alabama,3.782
Strangeways Brewing,Richmond,Virginia,2.634
Strap Tank Brewing Co.,Springville,Utah,1.303
Structures Brewing,Bellingham,Washington,3.645
Stumptown Ales,Davis,West Virginia,3.652
Suds Brothers Brewery,Evanston,Wyoming,1.168
Sun King Brewing Company,Indianapolis,Indiana,3.657
Superior Bathhouse Brewery,Hot Springs,Arkansas,2.625
Surly Brewing Co. Beer Hall,Minneapolis,Minnesota,3.948
Surly Brewing Company,Brooklyn Center,Minnesota,3.948
Swamp Head Brewery,Gainesville,Florida,3.378
Sweet Allie B's & Limestone Beer Co.,Wichita,Kansas,3.742
SweetWater Brewing Company,Atlanta,Georgia,3.762
Swiftwater Brewing Company,Rochester,New York,3.267
Sycamore Brewing,Charlotte,North Carolina,3.72
TailGate Brewery,Nashville,Tennessee,3.723
Tallgrass Brewing Co. Tap House,Manhattan,Kansas,3.501
Tallulah Brewing Co.,Jasper,Alabama,1.553
Taos Mesa Brewing,Taos,New Mexico,3.589
Taproot Brewing Company,Middletown,Rhode Island,2.664
Taxman Brewing Co.,Bargersville,Indiana,3.543
Tenaya Creek Brewery,Las Vegas,Nevada,3.463
Terrapin Beer Company,Athens,Georgia,3.68
The Alementary Brewing Co.,Hackensack,New Jersey,3.706
The Answer Brewpub,Richmond,Virginia,4.134
The Beer Research Institute,Mesa,Arizona,2.752
The Bier Brewery,Indianapolis,Indiana,3.639
The Black Abbey Brewing Company,Nashville,Tennessee,3.174
The Brew Kettle Taproom & Smokehouse / Production Works,Strongsville,Ohio,3.679
The Brewing Projekt,Eau Claire,Wisconsin,3.79
The Bruery,Placentia,California,3.987
The Cambridge House Brewpub,Granby,Connecticut,3.705
The Courtyard Brewery,New Orleans,Louisiana,3.692
The Depot Craft Brewery Distillery,Reno,Nevada,1.54
The Eighth State Brewing Company,Greenville,South Carolina,2.021
The Explorium Brewpub,Greendale,Wisconsin,3.442
The Freefolk Brewery,Fayetteville,West Virginia,1.374
The Kauai Beer Company,Lihue,Hawaii,3.39
The Knuckle Saloon & Grill,Sturgis,South Dakota,3.815
The Lost Druid,Avondale Estates,Georgia,0.826
The Peddler,Huntington,West Virginia,0.56
The Perch Pub & Brewery,Chandler,Arizona,2.352
The Porter Public House,Hattiesburg,Mississippi,1.095
The Public Option,Washington,District of Columbia,0.773
The Referend Bier Blendery,Pennington,New Jersey,4.187
The Schlafly Tap Room,Saint Louis,Missouri,3.691
The Shop Beer Co.,Tempe,Arizona,1.175
The Tap Brewery,Bloomington,Indiana,2.748
The Veil Brewing Co.,Richmond,Virginia,4.05
The Vermont Pub & Brewery,Burlington,Vermont,3.372
The Virginia Beer Company,Williamsburg,Virginia,1.386
The Wrecking Bar Brewpub,Atlanta,Georgia,3.699
Thimble Island Brewing Company,Branford,Connecticut,3.391
Thomas Creek Brewery,Greenville,South Carolina,3.167
Thompson Island Brewing Company,Rehoboth Beach,Delaware,2.694
Three Magnets Brewing,Olympia,Washington,3.669
Three Notch'd Brewing Company - Charlottesville Brewery & Restaurant,Charlottesville,Virginia,3.67
Three Taverns Craft Brewery,Decatur,Georgia,3.614
Threefoot Brewing Company,Meridian,Mississippi,2.138
Throwback Brewery,North Hampton,New Hampshire,3.39
Thunder Canyon Brewery,Tucson,Arizona,3.246
Thunderhead Brewing Company,Kearney,Nebraska,3.487
Tilted Barn Brewery,Exeter,Rhode Island,3.696
Tin Roof Brewing Company,Baton Rouge,Louisiana,2.835
Tired Hands Brewing Company,Ardmore,Pennsylvania,3.958
Titletown Brewing Company,Green Bay,Wisconsin,3.248
Toasted Barrel Brewery,Salt Lake City,Utah,2.625
Tombstone Brewing Company,Tombstone,Arizona,3.426
Tonewood Brewing,Oaklyn,New Jersey,3.929
Toppling Goliath Brewing Company,Decorah,Iowa,3.926
Torched Hop Brewing Company,Atlanta,Georgia,3.01
Tractor Brewing Co.,Los Lunas,New Mexico,2.814
Transient Artisan Ales,Bridgman,Michigan,3.999
Tree House Brewing Company,Charlton,Massachusetts,4.251
Tributary Brewing Co.,Kittery,Maine,3.691
Trillium Brewing Company,Boston,Massachusetts,4.206
Trillium Brewing Company,Canton,Massachusetts,4.206
Trimtab Brewing Company,Birmingham,Alabama,3.679
Trinity Brewhouse,Providence,Rhode Island,3.541
Triple C Brewing Co.,Charlotte,North Carolina,3.844
Triple Crossing Brewing,Richmond,Virginia,3.919
Tripping Animals Brewing,Doral,Florida,2.287
Triptych Brewing,Savoy,Illinois,3.618
Troon Brewing,Hopewell,New Jersey,4.296
Tupps Brewery,McKinney,Texas,3.858
Turning Point Beer,Bedford,Texas,3.715
Turtle Mountain Brewing Company,Rio Rancho,New Mexico,2.992
Twain's Billiards and Tap,Decatur,Georgia,3.11
Twin Elephant Brewing Company,Chatham,New Jersey,3.902
Twisted Spike Brewing Company,Oklahoma City,Oklahoma,2.848
Twisted Vine Brewery,West Des Moines,Iowa,1.559
Two Roads Brewing Company,Stratford,Connecticut,3.769
Two Tides Brewing Company,Savannah,Georgia,2.905
Uinta Brewing Company,Salt Lake City,Utah,3.66
Union Station Brewery,Providence,Rhode Island,2.864
Untitled Art,Waunakee,Wisconsin,4.008
Upland Brewing Company,Bloomington,Indiana,3.814
Upper Pass Beer Company,South Royalton,Vermont,3.56
Upstream Brewing Company - Old Market,Omaha,Nebraska,3.519
Urban Artifact,Cincinnati,Ohio,3.543
Urban Chestnut Brewing Company - Midtown Brewery & Biergarten,Saint Louis,Missouri,3.795
Urban Family Brewing Co.,Seattle,Washington,3.58
Urban South Brewery,New Orleans,Louisiana,3.371
Ursa Minor Brewing,Duluth,Minnesota,3.054
Utah Brewers Cooperative,Salt Lake City,Utah,3.532
Valor Brewpub,Washington,District of Columbia,0.0
Vanessa House Beer Company,Oklahoma City,Oklahoma,1.916
Variant Brewing Company,Roswell,Georgia,2.642
Vault Brewing Company,Yardley,Pennsylvania,3.203
Victory Brewing Company - Downingtown,Downingtown,Pennsylvania,3.788
Vino's Brewpub,Little Rock,Arkansas,3.589
Vintage Brewing Company,Madison,Wisconsin,3.736
Vinyl Brewing Co.,Hammonton,New Jersey,0.526
Vis Major Brewing Co.,Omaha,Nebraska,2.528
Vitamin Sea Brewing,Weymouth,Massachusetts,3.854
Volunteer Brewing Co.,Middletown,Delaware,0.0
Waikiki Brewing Company,Honolulu,Hawaii,3.603
Walnut River Brewing Company,El Dorado,Kansas,3.562
Wander Brewing,Bellingham,Washington,3.502
Wasatch Brew Pub,Park City,Utah,3.532
Weathered Ground Brewery,Ghent,West Virginia,3.324
Weathered Souls Brewing Co.,San Antonio,Texas,2.896
WeldWerks Brewing Co.,Greeley,Colorado,3.996
Welltown Brewing,Tulsa,Oklahoma,0.708
Werk Force Brewing Co,Plainfield,Illinois,3.132
West Mountain Brewing Co.,Fayetteville,Arkansas,1.799
West Sixth Brewing Company,Lexington,Kentucky,3.791
Westbrook Brewing Co.,Mount Pleasant,South Carolina,3.987
Western Collective,Garden City,Idaho,2.43
Whalers Brewing Company,Wakefield,Rhode Island,3.742
Wheeling Brewing Company,Wheeling,West Virginia,2.408
Whetstone Craft Beers / Whetstone Station,Brattleboro,Vermont,3.097
White Birch Brewing,Nashua,New Hampshire,3.55
White Elm Brewing Company,Lincoln,Nebraska,3.276
Whole Foods - Post Oak,Houston,Texas,3.782
Wichita Brewing Co. & Pizzeria West,Wichita,Kansas,3.71
Wicked Weed Brewing,Asheville,North Carolina,3.89
Wild Heaven Beer,Decatur,Georgia,3.34
Wild Leap Brew Co,LaGrange,Georgia,3.511
Wild Mind Artisan Ales,Minneapolis,Minnesota,3.263
Wildlife Brewing & Pizza,Victor,Idaho,2.814
Wiley Roots Brewing Co,Greeley,Colorado,3.739
Willimantic Brewing Co.,Willimantic,Connecticut,3.68
Wilmington Brew Works,Wilmington,Delaware,3.494
Wind River Brewing Company,Pinedale,Wyoming,3.084
Windmill Brewing,Dyer,Indiana,3.736
Wiseacre Brewing,Memphis,Tennessee,3.813
Witch's Hat Brewing Co.,South Lyon,Michigan,3.967
Wolf's Ridge Brewing,Columbus,Ohio,3.895
WoodGrain Brewing Co,Sioux Falls,South Dakota,2.278
Wooden Cask Brewing Company,Newport,Kentucky,3.458
Wooden Legs Brewing Company,Brookings,South Dakota,2.643
Wooden Robot Brewery,Charlotte,North Carolina,3.65
Woodland Empire Ale Craft,Boise,Idaho,3.681
Working Draft Beer Co.,Madison,Wisconsin,3.727
Wren House Brewing Co,Phoenix,Arizona,4.004
Yazoo Brewing Company,Madison,Tennessee,3.631
Yellowhammer Brewing,Huntsville,Alabama,3.688
Zero Gravity Craft Brewery / American Flatbread,Burlington,Vermont,3.547
Zipline Brewing Co,Lincoln,Nebraska,3.706
Zony Mash Beer Project,New Orleans,Louisiana,3.017
Zymurcracy Beer Company,Rapid City,South Dakota,3.333
pFriem Family Brewers,Hood River,Oregon,3.976
Überbrew,Billings,Montana,3.929
